-- =====================================================
-- 校园二手交易与兼职平台 - 测试数据
-- 所有用户密码均为: 123456
-- =====================================================

-- =====================================================
-- 1. 用户数据 (campus_user)
-- =====================================================
USE `campus_user`;

-- 密码: 123456 的 BCrypt 哈希值
-- $2a$10$N9qo8uLOickgx2ZMRZoMyeIjZAgcfl7p92ldGxad68LJZdL17lhWy

INSERT IGNORE INTO `users` (`id`, `username`, `password`, `email`, `phone`, `real_name`, `student_id`, `avatar_url`, `gender`, `school`, `major`, `grade`, `address`, `signature`, `status`, `created_at`) VALUES
(1, 'zhangsan', '$2a$10$N9qo8uLOickgx2ZMRZoMyeIjZAgcfl7p92ldGxad68LJZdL17lhWy', 'zhangsan@campus.edu', '13800001001', '张三', '2021001001', NULL, 1, '北京大学', '计算机科学', '大三', '北京市海淀区', '热爱编程，喜欢二手交易', 1, '2025-09-01 10:00:00'),
(2, 'lisi', '$2a$10$N9qo8uLOickgx2ZMRZoMyeIjZAgcfl7p92ldGxad68LJZdL17lhWy', 'lisi@campus.edu', '13800001002', '李四', '2021001002', NULL, 1, '清华大学', '电子工程', '大三', '北京市海淀区', '数码爱好者', 1, '2025-09-02 11:00:00'),
(3, 'wangwu', '$2a$10$N9qo8uLOickgx2ZMRZoMyeIjZAgcfl7p92ldGxad68LJZdL17lhWy', 'wangwu@campus.edu', '13800001003', '王五', '2022002001', NULL, 1, '复旦大学', '工商管理', '大二', '上海市杨浦区', '兼职达人，经验丰富', 1, '2025-09-05 09:30:00'),
(4, 'zhaoliu', '$2a$10$N9qo8uLOickgx2ZMRZoMyeIjZAgcfl7p92ldGxad68LJZdL17lhWy', 'zhaoliu@campus.edu', '13800001004', '赵六', '2022002002', NULL, 2, '浙江大学', '英语', '大二', '浙江省杭州市', '翻译兼职中', 1, '2025-09-10 14:00:00'),
(5, 'sunqi', '$2a$10$N9qo8uLOickgx2ZMRZoMyeIjZAgcfl7p92ldGxad68LJZdL17lhWy', 'sunqi@campus.edu', '13800001005', '孙七', '2023003001', NULL, 2, '南京大学', '数学', '大一', '江苏省南京市', '新生报道~', 1, '2025-09-15 08:00:00'),
(6, 'zhouba', '$2a$10$N9qo8uLOickgx2ZMRZoMyeIjZAgcfl7p92ldGxad68LJZdL17lhWy', 'zhouba@campus.edu', '13800001006', '周八', '2021001003', NULL, 1, '北京大学', '物理学', '大三', '北京市海淀区', '毕业季清仓大甩卖', 1, '2025-09-01 10:30:00'),
(7, 'wujiu', '$2a$10$N9qo8uLOickgx2ZMRZoMyeIjZAgcfl7p92ldGxad68LJZdL17lhWy', 'wujiu@campus.edu', '13800001007', '吴九', '2022002003', NULL, 1, '上海交通大学', '机械工程', '大二', '上海市闵行区', '爱运动爱生活', 1, '2025-09-20 16:00:00'),
(8, 'zhengshi', '$2a$10$N9qo8uLOickgx2ZMRZoMyeIjZAgcfl7p92ldGxad68LJZdL17lhWy', 'zhengshi@campus.edu', '13800001008', '郑十', '2023003002', NULL, 2, '武汉大学', '新闻学', '大一', '湖北省武汉市', '摄影爱好者', 1, '2025-10-01 12:00:00'),
(9, 'admin', '$2a$10$N9qo8uLOickgx2ZMRZoMyeIjZAgcfl7p92ldGxad68LJZdL17lhWy', 'admin@campus.edu', '13800000001', '管理员', 'ADMIN001', NULL, 1, '系统', '管理', '管理员', '系统', '平台管理员', 1, '2025-08-01 00:00:00'),
(10, 'company1', '$2a$10$N9qo8uLOickgx2ZMRZoMyeIjZAgcfl7p92ldGxad68LJZdL17lhWy', 'hr@techcompany.com', '13800000002', '科技公司HR', 'COMP001', NULL, 1, '企业', '人力资源', '企业用户', '北京市朝阳区', '招聘优秀实习生', 1, '2025-08-15 09:00:00');

-- 用户角色
INSERT IGNORE INTO `user_roles` (`user_id`, `role_code`) VALUES
(1, 'USER'), (2, 'USER'), (3, 'USER'), (4, 'USER'), (5, 'USER'),
(6, 'USER'), (7, 'USER'), (8, 'USER'),
(9, 'ADMIN'), (9, 'USER'),
(10, 'COMPANY'), (10, 'USER');

-- 用户地址
INSERT IGNORE INTO `user_addresses` (`user_id`, `receiver_name`, `receiver_phone`, `province`, `city`, `district`, `detail_address`, `is_default`) VALUES
(1, '张三', '13800001001', '北京市', '海淀区', '中关村', '北京大学燕园学生宿舍3号楼201', 1),
(1, '张三', '13800001001', '北京市', '朝阳区', '望京', '望京SOHO T1 15层', 0),
(2, '李四', '13800001002', '北京市', '海淀区', '五道口', '清华大学紫荆公寓5号楼308', 1),
(3, '王五', '13800001003', '上海市', '杨浦区', '五角场', '复旦大学南区学生宿舍7号楼102', 1),
(4, '赵六', '13800001004', '浙江省', '杭州市', '西湖区', '浙江大学紫金港校区碧峰学园A楼405', 1),
(5, '孙七', '13800001005', '江苏省', '南京市', '鼓楼区', '南京大学仙林校区学生宿舍12栋601', 1);

-- 用户钱包
INSERT IGNORE INTO `user_wallets` (`user_id`, `balance`, `points`) VALUES
(1, 500.00, 120), (2, 300.00, 80), (3, 1200.00, 250),
(4, 800.00, 150), (5, 100.00, 30), (6, 200.00, 60),
(7, 450.00, 90), (8, 50.00, 10);


-- =====================================================
-- 2. 商品数据 (campus_product)
-- =====================================================
USE `campus_product`;

-- 商品数据 (status: 1=上架)
INSERT IGNORE INTO `products` (`id`, `user_id`, `title`, `description`, `price`, `original_price`, `category_id`, `status`, `view_count`, `like_count`, `favorite_count`, `address`, `contact_phone`, `contact_name`, `quality_level`, `publish_time`, `expire_time`, `is_top`, `is_recommended`) VALUES
-- 电子产品
(1, 1, 'iPhone 14 Pro 256G 暗紫色 95新', '自用iPhone 14 Pro，256G暗紫色，使用一年半，电池健康度89%，无磕碰无划痕，屏幕完美。原装配件齐全，送透明保护壳。', 4500.00, 8999.00, 1, 1, 328, 45, 23, '北京大学校内面交', '13800001001', '张三', 'LIKE_NEW', '2026-03-01 10:00:00', '2026-06-01 10:00:00', 1, 1),
(2, 2, 'MacBook Air M2 8+256G 午夜色', '22年款MacBook Air M2，8G+256G午夜色，充电循环次数78次，成色98新，适合日常学习和轻度开发。', 5800.00, 9499.00, 1, 1, 256, 38, 19, '清华大学校内面交', '13800001002', '李四', 'LIKE_NEW', '2026-03-02 14:00:00', '2026-06-02 14:00:00', 1, 1),
(3, 6, 'iPad Air 5 64G WiFi 星光色', '毕业转让iPad Air 5，64G WiFi版本，平时上课记笔记用，配有Apple Pencil 2代和妙控键盘。', 2800.00, 4799.00, 3, 1, 189, 28, 15, '北京大学快递或面交均可', '13800001006', '周八', 'USED', '2026-03-05 09:00:00', '2026-06-05 09:00:00', 0, 1),
(4, 7, 'AirPods Pro 2 USB-C版 全新未拆', '双十一多买了一副，全新未拆封，支持验证。', 1350.00, 1899.00, 4, 1, 412, 62, 31, '上海交通大学闵行校区面交', '13800001007', '吴九', 'NEW', '2026-03-03 16:00:00', '2026-06-03 16:00:00', 0, 1),
(5, 1, '戴尔U2723QE 4K显示器 27寸', '戴尔U2723QE 27寸4K IPS显示器，Type-C 90W供电，完美屏无亮点暗点，使用8个月，箱说齐全。', 2200.00, 3999.00, 2, 1, 167, 22, 11, '北京大学宿舍自提', '13800001001', '张三', 'LIKE_NEW', '2026-03-06 11:00:00', '2026-06-06 11:00:00', 0, 0),

-- 学习用品
(6, 3, '考研408全套教材+真题 2026版', '计算机考研408全套：数据结构（严蔚敏）、操作系统（汤小丹）、计算机网络（谢希仁）、计组（唐朔飞），配套王道考研真题集，有少量笔记标注。', 120.00, 380.00, 5, 1, 534, 78, 52, '复旦大学邯郸校区', '13800001003', '王五', 'USED', '2026-03-01 08:00:00', '2026-05-01 08:00:00', 1, 1),
(7, 4, '雅思全套备考资料 剑桥4-18', '剑桥雅思真题4-18全套，加顾家北手把手、刘洪波阅读真经、王陆语料库。部分有标注，不影响使用。', 150.00, 500.00, 6, 1, 312, 41, 28, '浙江大学紫金港校区', '13800001004', '赵六', 'USED', '2026-03-04 10:30:00', '2026-05-04 10:30:00', 0, 1),
(8, 6, '卡西欧fx-991CN X 科学计算器', '大学物理和高数必备，功能完好，九成新，送电池。', 45.00, 139.00, 8, 1, 89, 12, 5, '北京大学校内', '13800001006', '周八', 'USED', '2026-03-07 15:00:00', '2026-06-07 15:00:00', 0, 0),

-- 生活用品
(9, 5, '戴森V10 Fluffy吸尘器', '宿舍用了一学期，吸力强劲，含地板刷头和缝隙吸头，滤芯已清洗。', 1200.00, 2990.00, 3, 1, 145, 19, 8, '南京大学仙林校区', '13800001005', '孙七', 'USED', '2026-03-08 12:00:00', '2026-06-08 12:00:00', 0, 0),
(10, 8, '九阳破壁豆浆机 全新', '学校活动奖品，全新未使用，有发票。', 180.00, 399.00, 3, 1, 98, 14, 7, '武汉大学校内面交', '13800001008', '郑十', 'NEW', '2026-03-09 10:00:00', '2026-06-09 10:00:00', 0, 0),

-- 服饰鞋包
(11, 4, 'Nike Air Force 1 白色 39码 全新', '双十一冲动消费买的，码数偏大，全新带吊牌未穿过。', 450.00, 799.00, 4, 1, 223, 35, 18, '浙江大学紫金港快递', '13800001004', '赵六', 'NEW', '2026-03-10 14:30:00', '2026-06-10 14:30:00', 0, 1),
(12, 8, 'JanSport双肩包 海军蓝', '用了两个月的JanSport书包，容量大，适合上课装电脑。', 80.00, 249.00, 4, 1, 67, 8, 3, '武汉大学校内', '13800001008', '郑十', 'LIKE_NEW', '2026-03-11 09:00:00', '2026-06-11 09:00:00', 0, 0),

-- 体育用品
(13, 7, '迪卡侬公路自行车 RC120', '骑了半年的公路车，变速顺畅，刹车灵敏，适合校园通勤。', 1500.00, 2799.00, 5, 1, 198, 26, 14, '上海交通大学闵行校区', '13800001007', '吴九', 'USED', '2026-03-12 16:00:00', '2026-06-12 16:00:00', 0, 1),
(14, 3, '李宁羽毛球拍 风暴WS72', '入门级进攻拍，手感轻盈，送3个羽毛球和拍包。', 120.00, 299.00, 5, 1, 76, 10, 4, '复旦大学邯郸校区', '13800001003', '王五', 'USED', '2026-03-13 11:00:00', '2026-06-13 11:00:00', 0, 0),

-- 其他
(15, 2, '索尼WH-1000XM5 降噪耳机 黑色', '图书馆学习神器，佩戴舒适，降噪效果一流。使用半年，成色95新。', 1600.00, 2999.00, 6, 1, 287, 43, 22, '清华大学校内面交', '13800001002', '李四', 'LIKE_NEW', '2026-03-14 13:00:00', '2026-06-14 13:00:00', 0, 1);

-- 商品点赞记录
INSERT IGNORE INTO `product_likes` (`product_id`, `user_id`) VALUES
(1, 2), (1, 3), (1, 4), (1, 5), (1, 7),
(2, 1), (2, 3), (2, 5), (2, 6),
(3, 1), (3, 2), (3, 4),
(4, 1), (4, 2), (4, 3), (4, 5), (4, 6), (4, 8),
(6, 1), (6, 2), (6, 4), (6, 5), (6, 7), (6, 8),
(7, 1), (7, 3), (7, 5),
(11, 1), (11, 3), (11, 5), (11, 7),
(13, 1), (13, 3), (13, 4),
(15, 1), (15, 3), (15, 4), (15, 5);

-- 商品评论
INSERT IGNORE INTO `product_comments` (`id`, `product_id`, `user_id`, `content`, `rating`, `status`) VALUES
(1, 1, 2, '成色确实不错，价格合理', 5, 1),
(2, 1, 3, '请问电池健康度能截个图吗？', NULL, 1),
(3, 1, 1, '可以的，私信发你', NULL, 1),
(4, 2, 5, 'M2芯片的Air性能够用吗？想做轻度开发', NULL, 1),
(5, 2, 2, '日常开发完全没问题，跑Docker稍微吃力', NULL, 1),
(6, 4, 3, '全新未拆？可以当面验货吗？', NULL, 1),
(7, 4, 7, '当然可以，闵行校区面交，当面拆封验证', NULL, 1),
(8, 6, 5, '这套资料太全了！还有笔记标注，性价比超高', 5, 1),
(9, 6, 7, '请问数据结构那本有没有课后题答案？', NULL, 1),
(10, 13, 1, '这车骑起来怎么样？上坡费力吗？', NULL, 1),
(11, 13, 7, '校园里骑完全没问题，上坡稍微费点力，毕竟是公路车', NULL, 1),
(12, 15, 6, '降噪效果真的好吗？图书馆够用吗？', NULL, 1),
(13, 15, 2, '降噪效果一流，开了降噪基本听不到外界声音', NULL, 1);


-- =====================================================
-- 3. 兼职数据 (campus_job)
-- =====================================================
USE `campus_job`;

INSERT IGNORE INTO `jobs` (`id`, `title`, `description`, `salary`, `salary_unit`, `job_type`, `category`, `location`, `address`, `start_date`, `end_date`, `work_time`, `recruit_count`, `contact_name`, `contact_phone`, `contact_email`, `company_name`, `company_description`, `requirements`, `benefits`, `status`, `view_count`, `favorite_count`, `publish_time`, `deadline`, `is_top`, `is_recommended`, `publisher_id`, `publisher_type`) VALUES
(1, '高中数学家教 周末兼职', '辅导高二学生数学，主要内容为函数、数列和解析几何。需要有耐心，善于沟通，能根据学生情况调整教学方法。', 150.00, 'HOUR', 'PART_TIME', 'TUTOR', '北京市海淀区中关村', '中关村南大街甲1号海淀文化大厦', '2026-04-01', '2026-07-01', '每周六日 14:00-17:00', 2, '王女士', '13900001001', 'wang@example.com', NULL, NULL, '1. 数学成绩优秀，高考数学130+\n2. 有家教经验优先\n3. 耐心细致，责任心强\n4. 能稳定兼职至少3个月', '1. 时薪150元/小时\n2. 提供教学资料\n3. 表现优秀有加薪', 1, 456, 34, '2026-03-10 09:00:00', '2026-04-10 23:59:59', 1, 1, 1, 'USER'),

(2, '英语口语陪练 线上兼职', '为成人学员提供英语口语陪练服务，通过视频通话进行对话练习，纠正发音，帮助提升口语流利度。', 100.00, 'HOUR', 'PART_TIME', 'TUTOR', '线上', '线上（腾讯会议/Zoom）', '2026-04-01', '2026-09-30', '工作日晚上 19:00-21:00，时间灵活', 5, '李老师', '13900001002', 'li@example.com', '优学英语工作室', '专注成人英语培训3年', '1. 英语六级550+或雅思6.5+\n2. 口语流利，发音标准\n3. 善于引导对话\n4. 有英语教学或陪练经验优先', '1. 时薪100元/小时\n2. 时间灵活可协商\n3. 长期合作可加薪\n4. 免费英语学习资源', 1, 389, 28, '2026-03-11 10:00:00', '2026-04-30 23:59:59', 0, 1, 4, 'USER'),

(3, '周末奶茶店店员', '负责奶茶制作、收银、店面清洁等工作。需要有基本的服务意识，能吃苦耐劳。', 18.00, 'HOUR', 'PART_TIME', 'WAITER', '上海市杨浦区五角场', '五角场万达广场B1层 茶百道', '2026-04-01', '2026-06-30', '周六日全天 10:00-21:00（可选半天）', 4, '刘店长', '13900001003', NULL, '茶百道五角场店', '连锁茶饮品牌', '1. 形象气质佳\n2. 有服务行业经验优先\n3. 能接受周末全天班\n4. 有健康证或愿意办理', '1. 时薪18元/小时\n2. 包午餐/晚餐\n3. 员工饮品五折\n4. 提供实习证明', 1, 567, 42, '2026-03-12 11:00:00', '2026-04-15 23:59:59', 1, 1, 3, 'USER'),

(4, 'Python后端实习生', '参与公司内部管理系统的后端开发，使用Python/Django框架，包括API设计、数据库设计、接口联调等。', 200.00, 'DAY', 'INTERNSHIP', 'PROGRAMMING', '北京市朝阳区望京', '望京SOHO T1座15层 科技创新有限公司', '2026-04-15', '2026-08-15', '周一至周五 9:30-18:30（可协商到校时间）', 3, '张工', '13900001004', 'hr@techcompany.com', '科技创新有限公司', '专注企业数字化转型，团队规模50人', '1. 计算机相关专业在读\n2. 熟悉Python，了解Django/Flask框架\n3. 了解MySQL/PostgreSQL\n4. 有个人项目或实习经历优先\n5. 每周至少出勤4天', '1. 日薪200元\n2. 免费午餐\n3. 转正机会\n4. 技术导师带教\n5. 弹性工作时间', 1, 823, 67, '2026-03-08 09:00:00', '2026-04-08 23:59:59', 1, 1, 10, 'COMPANY'),

(5, '校园快递代取员', '在校园内为同学提供快递代取服务，从各快递点取件并送到指定宿舍或地点。', 8.00, 'HOUR', 'PART_TIME', 'OTHER', '南京大学仙林校区', '南京大学仙林校区菜鸟驿站', '2026-03-25', '2026-06-30', '每天 11:00-13:00 或 17:00-19:00', 6, '陈同学', '13900001005', NULL, NULL, NULL, '1. 南京大学在校生\n2. 有电动车或自行车优先\n3. 能保证每天2小时', '1. 每件3-5元提成\n2. 时间灵活\n3. 运动健身两不误', 1, 234, 18, '2026-03-15 14:00:00', '2026-04-20 23:59:59', 0, 0, 5, 'USER'),

(6, '商场周末促销员', '在商场进行品牌促销活动，负责产品介绍、派发传单、引导顾客体验。', 150.00, 'DAY', 'PART_TIME', 'PROMOTION', '杭州市西湖区', '杭州大厦购物城 一层中庭', '2026-04-05', '2026-04-06', '周六日 9:30-18:00', 8, '赵经理', '13900001006', 'zhao@brand.com', '某知名护肤品牌', '国际一线护肤品牌', '1. 形象气质佳\n2. 善于沟通，亲和力强\n3. 有促销或销售经验优先\n4. 能连续工作两天', '1. 日薪150元\n2. 包午餐\n3. 完成销售目标有额外奖金\n4. 赠送品牌小样', 1, 345, 25, '2026-03-16 10:00:00', '2026-04-03 23:59:59', 0, 1, 10, 'COMPANY'),

(7, '毕业设计UI设计外包', '为一个校园社交APP做UI界面设计，包括首页、个人中心、消息页面等约10个页面的UI设计稿。', 3000.00, 'PROJECT', 'PART_TIME', 'DESIGN', '线上远程', '线上沟通，远程交付', '2026-04-01', '2026-04-30', '时间自由，按节点交付', 1, '钱同学', '13900001007', 'qian@email.com', NULL, NULL, '1. 熟练使用Figma/Sketch\n2. 有APP设计作品集\n3. 了解iOS/Android设计规范\n4. 审美在线，有创意', '1. 项目费3000元\n2. 可作为个人作品展示\n3. 后续有合作机会', 1, 412, 31, '2026-03-17 15:00:00', '2026-03-31 23:59:59', 0, 1, 2, 'USER'),

(8, '考研政治辅导班助教', '协助老师进行考研政治课程教学，包括签到、答疑、批改模拟题、整理教学资料。', 120.00, 'DAY', 'PART_TIME', 'TUTOR', '武汉市洪山区', '武汉大学信息学部教学楼', '2026-04-01', '2026-12-20', '周末 8:30-17:30', 2, '马老师', '13900001008', NULL, '启航考研培训', '本地知名考研辅导机构', '1. 考研政治成绩优秀（75+）\n2. 政治学/马克思主义相关专业优先\n3. 有耐心，表达能力强\n4. 每周末有时间', '1. 日薪120元\n2. 包午餐\n3. 免费旁听所有课程\n4. 提供实习证明', 1, 178, 14, '2026-03-18 09:00:00', '2026-04-18 23:59:59', 0, 0, 8, 'USER'),

(9, '暑期英语翻译兼职', '翻译技术文档和商务邮件，中英互译，每周约5000-8000字的翻译量。', 80.00, 'HOUR', 'PART_TIME', 'TRANSLATION', '线上远程', '线上，钉钉沟通', '2026-07-01', '2026-08-31', '时间灵活，按量计酬', 3, '孙总', '13900001009', 'sun@translation.com', '精译翻译事务所', '专业翻译服务机构', '1. 英语专八或CATTI二级以上\n2. 有翻译实践经验\n3. 熟悉计算机/商务领域术语优先\n4. 工作认真，准时交稿', '1. 按字数计费，千字120-180元\n2. 时间完全灵活\n3. 长期合作优先\n4. 提供翻译证明', 1, 267, 22, '2026-03-19 11:00:00', '2026-06-30 23:59:59', 0, 1, 10, 'COMPANY'),

(10, '学生会活动摄影师', '负责学校各类活动（迎新晚会、社团招新、运动会等）的摄影记录，后期修图并交付。', 300.00, 'DAY', 'PART_TIME', 'OTHER', '北京大学校内', '北京大学百周年纪念讲堂', '2026-04-15', '2026-06-30', '按活动时间安排，提前通知', 2, '林部长', '13900001010', 'lin@pku.edu.cn', '北京大学学生会', '北京大学学生会宣传部', '1. 有单反/微单相机\n2. 熟练使用Lightroom/Photoshop\n3. 有活动摄影经验\n4. 有作品集优先', '1. 每场活动300元\n2. 优秀作品学校公众号署名发表\n3. 积累摄影作品集\n4. 认识更多志同道合的朋友', 1, 198, 16, '2026-03-20 10:00:00', '2026-04-20 23:59:59', 0, 0, 9, 'ADMIN');

-- 兼职申请
INSERT IGNORE INTO `job_applications` (`id`, `job_id`, `applicant_id`, `applicant_grade`, `resume`, `apply_remark`, `status`, `apply_time`) VALUES
(1, 1, 2, '清华大学 电子工程 大三', '高考数学145分，有2年家教经验，辅导过3名高中生，均有明显提分。', '我有丰富的家教经验，高中数学基础扎实', 1, '2026-03-11 10:00:00'),
(2, 1, 5, '南京大学 数学 大一', '数学专业在读，高考数学138分。虽然没有家教经验，但对数学有热情。', '数学专业学生，对教学有热情', 0, '2026-03-12 14:00:00'),
(3, 3, 5, '南京大学 数学 大一', NULL, '想利用周末时间做兼职，之前在咖啡店打过工', 1, '2026-03-13 09:00:00'),
(4, 4, 1, '北京大学 计算机科学 大三', '熟悉Python/Django/Flask，做过个人博客和校园二手交易平台项目。GitHub: github.com/zhangsan', '计算机专业在读，有实际项目经验', 1, '2026-03-09 10:00:00'),
(5, 4, 6, '北京大学 物理学 大三', '自学Python一年，完成过数据分析和爬虫项目，了解Django基础。', '虽然非科班但对编程很有兴趣', 0, '2026-03-10 15:00:00'),
(6, 7, 8, '武汉大学 新闻学 大一', '摄影和设计爱好者，熟练使用Figma和Photoshop，有APP设计作品。个人主页: behance.net/zhengshi', '有设计经验和作品集，审美在线', 1, '2026-03-18 11:00:00'),
(7, 2, 4, '浙江大学 英语 大二', '英语专业在读，雅思7.5，口语流利。做过外教助理。', '英语专业，口语能力强', 1, '2026-03-12 16:00:00'),
(8, 5, 3, '复旦大学 工商管理 大二', NULL, '有电动车，熟悉校园快递点分布', 2, '2026-03-16 10:00:00'),
(9, 6, 4, '浙江大学 英语 大二', NULL, '做过商场导购兼职，有销售经验', 1, '2026-03-17 14:00:00'),
(10, 9, 4, '浙江大学 英语 大二', '英语专八在读，做过论文摘要翻译。翻译速度约5000字/天。', '英语专业，有翻译实践经验', 0, '2026-03-20 09:00:00');

-- 兼职收藏
INSERT IGNORE INTO `job_favorites` (`job_id`, `user_id`) VALUES
(1, 3), (1, 5), (1, 7),
(2, 1), (2, 3), (2, 5),
(3, 1), (3, 2), (3, 4), (3, 7), (3, 8),
(4, 2), (4, 3), (4, 5), (4, 6), (4, 7), (4, 8),
(6, 3), (6, 5), (6, 8),
(7, 1), (7, 3), (7, 4), (7, 6),
(9, 4), (9, 5);


-- =====================================================
-- 4. 订单数据 (campus_order)
-- =====================================================
USE `campus_order`;

INSERT IGNORE INTO `orders` (`id`, `order_no`, `user_id`, `product_id`, `product_title`, `product_price`, `product_image`, `quantity`, `total_amount`, `pay_amount`, `payment_method`, `payment_status`, `order_status`, `receiver_name`, `receiver_phone`, `receiver_address`, `buyer_message`, `payment_time`, `delivery_time`, `confirm_time`, `expire_time`, `seller_id`, `created_at`) VALUES
-- 已完成订单
(1, 'ORD20260315000001', 2, 8, '卡西欧fx-991CN X 科学计算器', 45.00, NULL, 1, 45.00, 45.00, 'WECHAT', 1, 3, '李四', '13800001002', '清华大学紫荆公寓5号楼308', '希望包装好一点', '2026-03-15 11:00:00', '2026-03-15 14:00:00', '2026-03-16 18:00:00', '2026-03-15 23:30:00', 6, '2026-03-15 10:30:00'),
(2, 'ORD20260316000002', 5, 14, '李宁羽毛球拍 风暴WS72', 120.00, NULL, 1, 120.00, 120.00, 'ALIPAY', 1, 3, '孙七', '13800001005', '南京大学仙林校区学生宿舍12栋601', '周末面交可以吗', '2026-03-16 15:00:00', '2026-03-17 10:00:00', '2026-03-17 16:00:00', '2026-03-17 03:00:00', 3, '2026-03-16 14:30:00'),

-- 待收货订单
(3, 'ORD20260320000003', 3, 15, '索尼WH-1000XM5 降噪耳机 黑色', 1600.00, NULL, 1, 1600.00, 1600.00, 'ALIPAY', 1, 2, '王五', '13800001003', '复旦大学南区学生宿舍7号楼102', '请顺丰发货', '2026-03-20 10:00:00', '2026-03-20 15:00:00', NULL, '2026-03-21 10:00:00', 2, '2026-03-20 09:30:00'),

-- 待发货订单
(4, 'ORD20260322000004', 7, 3, 'iPad Air 5 64G WiFi 星光色', 2800.00, NULL, 1, 2800.00, 2800.00, 'WECHAT', 1, 1, '吴九', '13800001007', '上海交通大学闵行校区学生宿舍', '含Apple Pencil和键盘吗？', '2026-03-22 11:00:00', NULL, NULL, '2026-03-23 10:00:00', 6, '2026-03-22 10:30:00'),

-- 待付款订单
(5, 'ORD20260323000005', 4, 1, 'iPhone 14 Pro 256G 暗紫色 95新', 4500.00, NULL, 1, 4500.00, 4500.00, 'ALIPAY', 0, 0, '赵六', '13800001004', '浙江大学紫金港校区碧峰学园A楼405', '可以先看看实物吗', NULL, NULL, NULL, '2026-03-23 22:00:00', 1, '2026-03-23 09:00:00'),

-- 已取消订单
(6, 'ORD20260318000006', 8, 10, '九阳破壁豆浆机 全新', 180.00, NULL, 1, 180.00, 180.00, 'WECHAT', 0, 4, '郑十', '13800001008', '武汉大学校内', NULL, NULL, NULL, NULL, '2026-03-19 09:00:00', 8, '2026-03-18 16:00:00');

-- 订单操作日志
INSERT IGNORE INTO `order_operation_log` (`order_id`, `operation_type`, `operator_id`, `operator_type`, `operation_remark`, `created_at`) VALUES
(1, 'CREATE', 2, 'BUYER', '创建订单', '2026-03-15 10:30:00'),
(1, 'PAY', 2, 'BUYER', '微信支付成功', '2026-03-15 11:00:00'),
(1, 'DELIVER', 6, 'SELLER', '已安排同城快递', '2026-03-15 14:00:00'),
(1, 'CONFIRM_RECEIPT', 2, 'BUYER', '确认收货，计算器功能完好', '2026-03-16 18:00:00'),
(2, 'CREATE', 5, 'BUYER', '创建订单', '2026-03-16 14:30:00'),
(2, 'PAY', 5, 'BUYER', '支付宝支付成功', '2026-03-16 15:00:00'),
(2, 'DELIVER', 3, 'SELLER', '面交', '2026-03-17 10:00:00'),
(2, 'CONFIRM_RECEIPT', 5, 'BUYER', '面交验货完成', '2026-03-17 16:00:00'),
(3, 'CREATE', 3, 'BUYER', '创建订单', '2026-03-20 09:30:00'),
(3, 'PAY', 3, 'BUYER', '支付宝支付成功', '2026-03-20 10:00:00'),
(3, 'DELIVER', 2, 'SELLER', '已通过顺丰发货', '2026-03-20 15:00:00'),
(4, 'CREATE', 7, 'BUYER', '创建订单', '2026-03-22 10:30:00'),
(4, 'PAY', 7, 'BUYER', '微信支付成功', '2026-03-22 11:00:00'),
(5, 'CREATE', 4, 'BUYER', '创建订单', '2026-03-23 09:00:00'),
(6, 'CREATE', 8, 'BUYER', '创建订单', '2026-03-18 16:00:00'),
(6, 'CANCEL', 8, 'BUYER', '不想要了', '2026-03-19 09:00:00');

-- 发货信息
INSERT IGNORE INTO `order_delivery` (`order_id`, `express_company`, `express_number`, `delivery_note`, `delivery_status`, `estimated_arrival`, `actual_arrival`) VALUES
(1, '闪送', 'SS20260315001', '北大校内同城急送', 2, '2026-03-15 16:00:00', '2026-03-15 15:30:00'),
(2, '面交', 'FACE20260317001', '复旦大学校门口面交', 2, '2026-03-17 10:00:00', '2026-03-17 10:00:00'),
(3, '顺丰速运', 'SF1234567890123', '清华大学发往复旦大学', 1, '2026-03-22 12:00:00', NULL);


-- =====================================================
-- 5. 通知数据 (campus_notification)
-- =====================================================
USE `campus_notification`;

INSERT IGNORE INTO `notifications` (`id`, `user_id`, `type`, `title`, `content`, `status`, `priority`, `channel`, `related_id`, `related_type`, `send_time`) VALUES
-- 系统通知
(1, 1, 'SYSTEM', '欢迎加入校园平台', '亲爱的张三，欢迎加入校园二手交易与兼职平台！在这里您可以发布和浏览二手商品、寻找兼职机会。祝您使用愉快！', 1, 1, 'IN_APP', NULL, NULL, '2025-09-01 10:00:00'),
(2, 2, 'SYSTEM', '欢迎加入校园平台', '亲爱的李四，欢迎加入校园二手交易与兼职平台！在这里您可以发布和浏览二手商品、寻找兼职机会。祝您使用愉快！', 1, 1, 'IN_APP', NULL, NULL, '2025-09-02 11:00:00'),
(3, 3, 'SYSTEM', '欢迎加入校园平台', '亲爱的王五，欢迎加入校园二手交易与兼职平台！', 1, 1, 'IN_APP', NULL, NULL, '2025-09-05 09:30:00'),

-- 订单通知
(4, 2, 'ORDER', '订单已完成', '您购买的「卡西欧fx-991CN X 科学计算器」订单已完成，感谢您的购买！', 1, 1, 'IN_APP', 1, 'ORDER', '2026-03-16 18:00:00'),
(5, 6, 'ORDER', '商品已售出', '您发布的「卡西欧fx-991CN X 科学计算器」已成功售出，货款45.00元已到账。', 1, 1, 'IN_APP', 1, 'ORDER', '2026-03-16 18:00:00'),
(6, 3, 'ORDER', '卖家已发货', '您购买的「索尼WH-1000XM5 降噪耳机 黑色」已发货，快递单号：SF1234567890123', 0, 1, 'IN_APP', 3, 'ORDER', '2026-03-20 15:00:00'),
(7, 7, 'ORDER', '订单待发货', '买家已付款，请尽快处理订单「iPad Air 5 64G WiFi 星光色」的发货。', 0, 2, 'IN_APP', 4, 'ORDER', '2026-03-22 11:00:00'),

-- 兼职通知
(8, 2, 'JOB', '兼职申请已通过', '恭喜！您申请的「高中数学家教 周末兼职」已通过审核，请联系发布者确认上岗时间。', 1, 2, 'IN_APP', 1, 'JOB_APPLICATION', '2026-03-12 10:00:00'),
(9, 1, 'JOB', '收到新的兼职申请', '您发布的「高中数学家教 周末兼职」收到新申请，请及时处理。', 0, 1, 'IN_APP', 1, 'JOB', '2026-03-12 14:00:00'),
(10, 4, 'JOB', '兼职申请已通过', '恭喜！您申请的「英语口语陪练 线上兼职」已通过审核。', 1, 2, 'IN_APP', 2, 'JOB_APPLICATION', '2026-03-13 09:00:00'),
(11, 8, 'JOB', '兼职申请已通过', '恭喜！您申请的「毕业设计UI设计外包」已通过审核，请联系发布者沟通项目需求。', 0, 2, 'IN_APP', 7, 'JOB_APPLICATION', '2026-03-19 10:00:00'),
(12, 1, 'JOB', '兼职申请已通过', '恭喜！您申请的「Python后端实习生」已通过审核，请联系HR确认入职时间。', 0, 2, 'IN_APP', 4, 'JOB_APPLICATION', '2026-03-10 14:00:00'),

-- 商品通知
(13, 1, 'PRODUCT', '您的商品收到新评论', '用户李四评论了您的商品「iPhone 14 Pro 256G 暗紫色 95新」：成色确实不错，价格合理', 0, 1, 'IN_APP', 1, 'PRODUCT', '2026-03-15 09:00:00'),
(14, 2, 'PRODUCT', '您的商品收到新评论', '用户孙七评论了您的商品「MacBook Air M2 8+256G 午夜色」', 0, 1, 'IN_APP', 2, 'PRODUCT', '2026-03-16 11:00:00'),

-- 系统公告
(15, 1, 'SYSTEM', '平台安全提示', '请勿在平台外进行交易，谨防诈骗。所有交易请通过平台支付功能完成。', 0, 2, 'IN_APP', NULL, NULL, '2026-03-20 08:00:00'),
(16, 2, 'SYSTEM', '平台安全提示', '请勿在平台外进行交易，谨防诈骗。所有交易请通过平台支付功能完成。', 0, 2, 'IN_APP', NULL, NULL, '2026-03-20 08:00:00'),
(17, 3, 'SYSTEM', '平台安全提示', '请勿在平台外进行交易，谨防诈骗。所有交易请通过平台支付功能完成。', 0, 2, 'IN_APP', NULL, NULL, '2026-03-20 08:00:00'),
(18, 4, 'SYSTEM', '平台安全提示', '请勿在平台外进行交易，谨防诈骗。所有交易请通过平台支付功能完成。', 0, 2, 'IN_APP', NULL, NULL, '2026-03-20 08:00:00');

-- 私聊会话
INSERT IGNORE INTO `conversations` (`id`, `conversation_type`, `title`, `creator_id`, `last_message_content`, `last_message_time`, `member_count`) VALUES
(1, 'PRIVATE', NULL, 2, '好的，那我们周六下午校门口见', '2026-03-20 20:30:00', 2),
(2, 'PRIVATE', NULL, 7, '请问iPad的Apple Pencil是二代吗？', '2026-03-21 14:00:00', 2),
(3, 'PRIVATE', NULL, 1, '张工你好，我已经通过面试了，请问什么时候可以入职？', '2026-03-11 10:00:00', 2);

-- 会话成员
INSERT IGNORE INTO `conversation_members` (`conversation_id`, `user_id`, `user_role`, `unread_count`) VALUES
(1, 2, 'OWNER', 0),
(1, 6, 'MEMBER', 1),
(2, 7, 'OWNER', 0),
(2, 6, 'MEMBER', 1),
(3, 1, 'OWNER', 0),
(3, 10, 'MEMBER', 1);

-- 聊天消息
INSERT IGNORE INTO `messages` (`id`, `conversation_id`, `sender_id`, `message_type`, `content`, `content_summary`, `created_at`) VALUES
(1, 1, 2, 'TEXT', '你好，请问你发布的计算器还有吗？', '你好，请问你发布的计算器还有吗？', '2026-03-15 09:00:00'),
(2, 1, 6, 'TEXT', '还有的，功能完好，你什么时候方便来看？', '还有的，功能完好', '2026-03-15 09:05:00'),
(3, 1, 2, 'TEXT', '周六下午可以吗？我在清华这边', '周六下午可以吗？', '2026-03-15 09:10:00'),
(4, 1, 6, 'TEXT', '可以的，我们北大清华很近，校门口见？', '可以的，校门口见', '2026-03-15 09:15:00'),
(5, 1, 2, 'TEXT', '好的，那我们周六下午校门口见', '好的，周六下午见', '2026-03-20 20:30:00'),
(6, 2, 7, 'TEXT', '你好，请问你的iPad Air 5还在吗？', '请问iPad Air 5还在吗？', '2026-03-21 13:00:00'),
(7, 2, 6, 'TEXT', '在的，有兴趣吗？', '在的', '2026-03-21 13:10:00'),
(8, 2, 7, 'TEXT', '请问iPad的Apple Pencil是二代吗？', '请问Apple Pencil是二代吗？', '2026-03-21 14:00:00'),
(9, 3, 1, 'TEXT', '张工你好，我是张三，之前面试Python实习岗位的', '张工你好，我是张三', '2026-03-10 16:00:00'),
(10, 3, 10, 'TEXT', '你好张三，恭喜你通过面试！下周一可以来公司报道', '恭喜通过面试', '2026-03-10 17:00:00'),
(11, 3, 1, 'TEXT', '张工你好，我已经通过面试了，请问什么时候可以入职？', '请问什么时候可以入职？', '2026-03-11 10:00:00');


-- =====================================================
-- 完成提示
-- =====================================================
-- 测试数据导入完成！
-- 用户账号（密码均为 123456）：
--   zhangsan / lisi / wangwu / zhaoliu / sunqi
--   zhouba / wujiu / zhengshi / admin / company1
